username,password,slug,groupId
Delivery_2022spring_N2G81LT-OAT-LQA-1,09a4c2900b2e1a64,Delivery_2022spring_N2G81LT,Delivery_2022spring_N2G81LT_160
Delivery_2022spring_N2G81LT-OAT-LQA-2,646ba1bc26610fbd,Delivery_2022spring_N2G81LT,Delivery_2022spring_N2G81LT_160
Delivery_2022spring_N2G81LT-OAT-LQA-3,64138127788a2a4d,Delivery_2022spring_N2G81LT,Delivery_2022spring_N2G81LT_160
Delivery_2022spring_N2G81LT-OAT-LQA-4,511ccd90730e955e,Delivery_2022spring_N2G81LT,Delivery_2022spring_N2G81LT_160
Delivery_2022spring_N2G81LT-OAT-LQA-5,e0e304e2e35c3654,Delivery_2022spring_N2G81LT,Delivery_2022spring_N2G81LT_160
Delivery_2022spring_N2G81LT-OAT-LQA-6,15313b590227c7ce,Delivery_2022spring_N2G81LT,Delivery_2022spring_N2G81LT_160
Delivery_2022spring_N2G81LT-OAT-LQA-7,19593e8948838049,Delivery_2022spring_N2G81LT,Delivery_2022spring_N2G81LT_160
Delivery_2022spring_N2G81LT-OAT-LQA-8,e74364aff318b6a6,Delivery_2022spring_N2G81LT,Delivery_2022spring_N2G81LT_160
Delivery_2022spring_N2G81LT-OAT-LQA-9,d04d96b65752ee55,Delivery_2022spring_N2G81LT,Delivery_2022spring_N2G81LT_160
Delivery_2022spring_N2G81LT-OAT-LQA-10,6dc35981ef3b4be6,Delivery_2022spring_N2G81LT,Delivery_2022spring_N2G81LT_160
Delivery_2022spring_N2G81LT-OAT-LQA-11,49b9053a0ec9bba7,Delivery_2022spring_N2G81LT,Delivery_2022spring_N2G81LT_160
Delivery_2022spring_N2G81LT-OAT-LQA-12,24f617e38443664c,Delivery_2022spring_N2G81LT,Delivery_2022spring_N2G81LT_160
Delivery_2022spring_N2G81LT-OAT-LQA-13,453b6054c8d1f857,Delivery_2022spring_N2G81LT,Delivery_2022spring_N2G81LT_160
Delivery_2022spring_N2G81LT-OAT-LQA-14,3e9c4ee18e6917d1,Delivery_2022spring_N2G81LT,Delivery_2022spring_N2G81LT_160
Delivery_2022spring_N2G81LT-OAT-LQA-15,252694dc36623383,Delivery_2022spring_N2G81LT,Delivery_2022spring_N2G81LT_160
Delivery_2022spring_N2G81LT-OAT-LQA-16,4b61533a3fa1b3b6,Delivery_2022spring_N2G81LT,Delivery_2022spring_N2G81LT_160
Delivery_2022spring_N2G81LT-OAT-LQA-17,553ef73d71b543ff,Delivery_2022spring_N2G81LT,Delivery_2022spring_N2G81LT_160
Delivery_2022spring_N2G81LT-OAT-LQA-18,e74d7ebfe6d995ff,Delivery_2022spring_N2G81LT,Delivery_2022spring_N2G81LT_160
Delivery_2022spring_N2G81LT-OAT-LQA-19,c557c460e8d53a55,Delivery_2022spring_N2G81LT,Delivery_2022spring_N2G81LT_160
Delivery_2022spring_N2G81LT-OAT-LQA-20,4af7997627c54457,Delivery_2022spring_N2G81LT,Delivery_2022spring_N2G81LT_160
Delivery_2022spring_N2G81LT-OAT-LQA-21,c98e56371a4aa8fe,Delivery_2022spring_N2G81LT,Delivery_2022spring_N2G81LT_161
Delivery_2022spring_N2G81LT-OAT-LQA-22,fd081c34ca158d22,Delivery_2022spring_N2G81LT,Delivery_2022spring_N2G81LT_161
Delivery_2022spring_N2G81LT-OAT-LQA-23,bee55aac7fe84706,Delivery_2022spring_N2G81LT,Delivery_2022spring_N2G81LT_161
Delivery_2022spring_N2G81LT-OAT-LQA-24,b06c258d74eced3a,Delivery_2022spring_N2G81LT,Delivery_2022spring_N2G81LT_161
Delivery_2022spring_N2G81LT-OAT-LQA-25,659b0914d9a3aab1,Delivery_2022spring_N2G81LT,Delivery_2022spring_N2G81LT_161
Delivery_2022spring_N2G81LT-OAT-LQA-26,d4f1cfcba3479c5c,Delivery_2022spring_N2G81LT,Delivery_2022spring_N2G81LT_161
Delivery_2022spring_N2G81LT-OAT-LQA-27,4798d736451633cc,Delivery_2022spring_N2G81LT,Delivery_2022spring_N2G81LT_161
Delivery_2022spring_N2G81LT-OAT-LQA-28,79819859703148db,Delivery_2022spring_N2G81LT,Delivery_2022spring_N2G81LT_161
Delivery_2022spring_N2G81LT-OAT-LQA-29,e08fd6e46ae0ec44,Delivery_2022spring_N2G81LT,Delivery_2022spring_N2G81LT_161
Delivery_2022spring_N2G81LT-OAT-LQA-30,dd27a78531374e17,Delivery_2022spring_N2G81LT,Delivery_2022spring_N2G81LT_161
Delivery_2022spring_N2G81LT-OAT-LQA-31,44bf5f03a6921b22,Delivery_2022spring_N2G81LT,Delivery_2022spring_N2G81LT_161
Delivery_2022spring_N2G81LT-OAT-LQA-32,5d8c634eac534a7b,Delivery_2022spring_N2G81LT,Delivery_2022spring_N2G81LT_161
Delivery_2022spring_N2G81LT-OAT-LQA-33,1dc26c569dba0365,Delivery_2022spring_N2G81LT,Delivery_2022spring_N2G81LT_161
Delivery_2022spring_N2G81LT-OAT-LQA-34,3d6cb000cdf6a070,Delivery_2022spring_N2G81LT,Delivery_2022spring_N2G81LT_161
Delivery_2022spring_N2G81LT-OAT-LQA-35,5a5c6559e34c7b17,Delivery_2022spring_N2G81LT,Delivery_2022spring_N2G81LT_161
Delivery_2022spring_N2G81LT-OAT-LQA-36,2f89b9b3bf90b11e,Delivery_2022spring_N2G81LT,Delivery_2022spring_N2G81LT_161
Delivery_2022spring_N2G81LT-OAT-LQA-37,3908776816947b8c,Delivery_2022spring_N2G81LT,Delivery_2022spring_N2G81LT_161
Delivery_2022spring_N2G81LT-OAT-LQA-38,c21f16756d15dab9,Delivery_2022spring_N2G81LT,Delivery_2022spring_N2G81LT_161
Delivery_2022spring_N2G81LT-OAT-LQA-39,6d588b79589e58c7,Delivery_2022spring_N2G81LT,Delivery_2022spring_N2G81LT_161
Delivery_2022spring_N2G81LT-OAT-LQA-40,d8739eb2f34f785d,Delivery_2022spring_N2G81LT,Delivery_2022spring_N2G81LT_161
Delivery_2022spring_N2G81LT-OAT-LQA-41,1c1cef4e903b19fa,Delivery_2022spring_N2G81LT,Delivery_2022spring_N2G81LT_162
Delivery_2022spring_N2G81LT-OAT-LQA-42,b103c5bf8c96d4b9,Delivery_2022spring_N2G81LT,Delivery_2022spring_N2G81LT_162
Delivery_2022spring_N2G81LT-OAT-LQA-43,2ac93c9f178c214c,Delivery_2022spring_N2G81LT,Delivery_2022spring_N2G81LT_162
Delivery_2022spring_N2G81LT-OAT-LQA-44,b7f2777f0a99228d,Delivery_2022spring_N2G81LT,Delivery_2022spring_N2G81LT_162
Delivery_2022spring_N2G81LT-OAT-LQA-45,175e81d051f4f78f,Delivery_2022spring_N2G81LT,Delivery_2022spring_N2G81LT_162
Delivery_2022spring_N2G81LT-OAT-LQA-46,016f4ff26bb7865f,Delivery_2022spring_N2G81LT,Delivery_2022spring_N2G81LT_162
Delivery_2022spring_N2G81LT-OAT-LQA-47,0f1a7418009db379,Delivery_2022spring_N2G81LT,Delivery_2022spring_N2G81LT_162
Delivery_2022spring_N2G81LT-OAT-LQA-48,0323da7e06e62266,Delivery_2022spring_N2G81LT,Delivery_2022spring_N2G81LT_162
Delivery_2022spring_N2G81LT-OAT-LQA-49,efcd2464daac0c2d,Delivery_2022spring_N2G81LT,Delivery_2022spring_N2G81LT_162
Delivery_2022spring_N2G81LT-OAT-LQA-50,dd344ab474008bd9,Delivery_2022spring_N2G81LT,Delivery_2022spring_N2G81LT_162
Delivery_2022spring_N2G81LT-OAT-LQA-51,3b18897c49bacf3d,Delivery_2022spring_N2G81LT,Delivery_2022spring_N2G81LT_162
Delivery_2022spring_N2G81LT-OAT-LQA-52,16772deb1b408d36,Delivery_2022spring_N2G81LT,Delivery_2022spring_N2G81LT_162
Delivery_2022spring_N2G81LT-OAT-LQA-53,d1f0eb99725b998d,Delivery_2022spring_N2G81LT,Delivery_2022spring_N2G81LT_162
Delivery_2022spring_N2G81LT-OAT-LQA-54,9f6bee2deb26e018,Delivery_2022spring_N2G81LT,Delivery_2022spring_N2G81LT_162
Delivery_2022spring_N2G81LT-OAT-LQA-55,e6b3d4e4516619db,Delivery_2022spring_N2G81LT,Delivery_2022spring_N2G81LT_162
Delivery_2022spring_N2G81LT-OAT-LQA-56,5203b51e0b08637a,Delivery_2022spring_N2G81LT,Delivery_2022spring_N2G81LT_162
Delivery_2022spring_N2G81LT-OAT-LQA-57,2e866c1f96564d61,Delivery_2022spring_N2G81LT,Delivery_2022spring_N2G81LT_162
Delivery_2022spring_N2G81LT-OAT-LQA-58,4013bea34caff290,Delivery_2022spring_N2G81LT,Delivery_2022spring_N2G81LT_162
Delivery_2022spring_N2G81LT-OAT-LQA-59,dac0a52c6ba0f674,Delivery_2022spring_N2G81LT,Delivery_2022spring_N2G81LT_162
Delivery_2022spring_N2G81LT-OAT-LQA-60,118fc17409a3ded6,Delivery_2022spring_N2G81LT,Delivery_2022spring_N2G81LT_162
Delivery_2022spring_N2G81LT-OAT-LQA-61,de0c0e5067f65db3,Delivery_2022spring_N2G81LT,Delivery_2022spring_N2G81LT_163
Delivery_2022spring_N2G81LT-OAT-LQA-62,973e9b3affbe5b67,Delivery_2022spring_N2G81LT,Delivery_2022spring_N2G81LT_163
Delivery_2022spring_N2G81LT-OAT-LQA-63,bfbd289cb910b5e0,Delivery_2022spring_N2G81LT,Delivery_2022spring_N2G81LT_163
Delivery_2022spring_N2G81LT-OAT-LQA-64,48e3eb62d7498fc5,Delivery_2022spring_N2G81LT,Delivery_2022spring_N2G81LT_163
Delivery_2022spring_N2G81LT-OAT-LQA-65,13243f837289145b,Delivery_2022spring_N2G81LT,Delivery_2022spring_N2G81LT_163
Delivery_2022spring_N2G81LT-OAT-LQA-66,271bec7587e5f574,Delivery_2022spring_N2G81LT,Delivery_2022spring_N2G81LT_163
Delivery_2022spring_N2G81LT-OAT-LQA-67,130e7a357c98cec1,Delivery_2022spring_N2G81LT,Delivery_2022spring_N2G81LT_163
Delivery_2022spring_N2G81LT-OAT-LQA-68,266cd8d95e52ef96,Delivery_2022spring_N2G81LT,Delivery_2022spring_N2G81LT_163
Delivery_2022spring_N2G81LT-OAT-LQA-69,7cd5d469017345ea,Delivery_2022spring_N2G81LT,Delivery_2022spring_N2G81LT_163
Delivery_2022spring_N2G81LT-OAT-LQA-70,48e70a508b8db91b,Delivery_2022spring_N2G81LT,Delivery_2022spring_N2G81LT_163
Delivery_2022spring_N2G81LT-OAT-LQA-71,55ba1f74d3f13ab2,Delivery_2022spring_N2G81LT,Delivery_2022spring_N2G81LT_163
Delivery_2022spring_N2G81LT-OAT-LQA-72,61b5cf3cb3a32c2a,Delivery_2022spring_N2G81LT,Delivery_2022spring_N2G81LT_163
Delivery_2022spring_N2G81LT-OAT-LQA-73,397376ce22d952f5,Delivery_2022spring_N2G81LT,Delivery_2022spring_N2G81LT_163
Delivery_2022spring_N2G81LT-OAT-LQA-74,01ba8aabfb4525fa,Delivery_2022spring_N2G81LT,Delivery_2022spring_N2G81LT_163
Delivery_2022spring_N2G81LT-OAT-LQA-75,fc7fb4a3f4dc0851,Delivery_2022spring_N2G81LT,Delivery_2022spring_N2G81LT_163
Delivery_2022spring_N2G81LT-OAT-LQA-76,f1e9929e9f3d34b6,Delivery_2022spring_N2G81LT,Delivery_2022spring_N2G81LT_163
Delivery_2022spring_N2G81LT-OAT-LQA-77,fa9872fd633cd9c4,Delivery_2022spring_N2G81LT,Delivery_2022spring_N2G81LT_163
Delivery_2022spring_N2G81LT-OAT-LQA-78,35938d30a45ec37f,Delivery_2022spring_N2G81LT,Delivery_2022spring_N2G81LT_163
Delivery_2022spring_N2G81LT-OAT-LQA-79,738d98d7678aefaf,Delivery_2022spring_N2G81LT,Delivery_2022spring_N2G81LT_163
Delivery_2022spring_N2G81LT-OAT-LQA-80,256d04b9c2df2727,Delivery_2022spring_N2G81LT,Delivery_2022spring_N2G81LT_163
Delivery_2022spring_N2G81LT-OAT-LQA-81,95f48c89746be62f,Delivery_2022spring_N2G81LT,Delivery_2022spring_N2G81LT_164
Delivery_2022spring_N2G81LT-OAT-LQA-82,6b60d434b27da014,Delivery_2022spring_N2G81LT,Delivery_2022spring_N2G81LT_164
Delivery_2022spring_N2G81LT-OAT-LQA-83,dba97031e88a9d3d,Delivery_2022spring_N2G81LT,Delivery_2022spring_N2G81LT_164
Delivery_2022spring_N2G81LT-OAT-LQA-84,c0d3f4d6dd99fc92,Delivery_2022spring_N2G81LT,Delivery_2022spring_N2G81LT_164
Delivery_2022spring_N2G81LT-OAT-LQA-85,39cd065979354241,Delivery_2022spring_N2G81LT,Delivery_2022spring_N2G81LT_164
Delivery_2022spring_N2G81LT-OAT-LQA-86,b2e73ed304be1791,Delivery_2022spring_N2G81LT,Delivery_2022spring_N2G81LT_164
Delivery_2022spring_N2G81LT-OAT-LQA-87,824f2d9139bbf6c2,Delivery_2022spring_N2G81LT,Delivery_2022spring_N2G81LT_164
Delivery_2022spring_N2G81LT-OAT-LQA-88,056286ed4bd9c689,Delivery_2022spring_N2G81LT,Delivery_2022spring_N2G81LT_164
Delivery_2022spring_N2G81LT-OAT-LQA-89,265ec55d03d3c6dc,Delivery_2022spring_N2G81LT,Delivery_2022spring_N2G81LT_164
Delivery_2022spring_N2G81LT-OAT-LQA-90,037b3785a29ce706,Delivery_2022spring_N2G81LT,Delivery_2022spring_N2G81LT_164
Delivery_2022spring_N2G81LT-OAT-LQA-91,019fd880a1d1db3b,Delivery_2022spring_N2G81LT,Delivery_2022spring_N2G81LT_164
Delivery_2022spring_N2G81LT-OAT-LQA-92,915d4ecab8145c27,Delivery_2022spring_N2G81LT,Delivery_2022spring_N2G81LT_164
Delivery_2022spring_N2G81LT-OAT-LQA-93,9a3c553afb0c2347,Delivery_2022spring_N2G81LT,Delivery_2022spring_N2G81LT_164
Delivery_2022spring_N2G81LT-OAT-LQA-94,719176fe88e739ac,Delivery_2022spring_N2G81LT,Delivery_2022spring_N2G81LT_164
Delivery_2022spring_N2G81LT-OAT-LQA-95,1a3911a5d14567bc,Delivery_2022spring_N2G81LT,Delivery_2022spring_N2G81LT_164
Delivery_2022spring_N2G81LT-OAT-LQA-96,dc4232df3681bba5,Delivery_2022spring_N2G81LT,Delivery_2022spring_N2G81LT_164
Delivery_2022spring_N2G81LT-OAT-LQA-97,f073de3c282c9150,Delivery_2022spring_N2G81LT,Delivery_2022spring_N2G81LT_164
Delivery_2022spring_N2G81LT-OAT-LQA-98,5b7b7b1a9efd92c9,Delivery_2022spring_N2G81LT,Delivery_2022spring_N2G81LT_164
Delivery_2022spring_N2G81LT-OAT-LQA-99,6c887b0e18829e95,Delivery_2022spring_N2G81LT,Delivery_2022spring_N2G81LT_164
Delivery_2022spring_N2G81LT-OAT-LQA-100,4d27ee85478feae5,Delivery_2022spring_N2G81LT,Delivery_2022spring_N2G81LT_164